[
{"price": null, "item": "Acer ET322QK BBMIIPRX 32\" Black VA 100% sRGB HDR10 LED Monitor 3840 x 2160 4K Widescreen AMD FreeSync Technology, Ergo Stand, 2x HDMI, DisplayPort, Speaker", "discount": null, "Shipping cost": "$9.99 Shipping", "rating": "Rating + 5"},
{"price": null, "item": "BenQ GL2780 27\" Full HD 1920 x 1080 75Hz 1ms VGA DVI HDMI DisplayPort Built-in Speakers Flicker-Free Technology LED Backlit LCD Monitor", "discount": null, "Shipping cost": "$9.99 Shipping", "rating": "Rating + 4"},
{"price": null, "item": "BenQ GW2475H 24\" (Actual size 23.8\") Full HD 1920 x 1080 5ms (GTG) 60 Hz D-Sub, 2 x HDMI Stylish IPS Monitor with Eye-care Technology", "discount": null, "Shipping cost": "$9.99 Shipping", "rating": "Rating + 5"},
{"price": "$229.99", "item": "LG 24GL65B-B 24\" Full HD 1920 x 1080 144Hz 1ms 2 x HDMI, DisplayPort Radeon FreeSync Technology Flicker Safe Anti-Glare Widescreen LED Backlit Gaming Monitor", "discount": null, "Shipping cost": "$9.99 Shipping", "rating": "Rating + 5"},
{"price": null, "item": "BenQ GW2480 24\" Full HD 1920 x 1080 60Hz 5ms VGA HDMI DisplayPort Flicker-Free Technology Built-in Speakers Slim Bezel Design LED Backlit IPS Monitor", "discount": null, "Shipping cost": "$9.99 Shipping", "rating": "Rating + 5"},
{"price": "$399.99", "item": "LG 34WK500-P Black 34\" 5ms (GTG) HDMI Widescreen 21:9 UltraWide (2560 x 1080) IPS Monitor", "discount": "18%", "Shipping cost": "$9.99 Shipping", "rating": "Rating + 4"},
{"price": "$229.99", "item": "BenQ GW2780 27\" Full HD 1920 x 1080 5ms 60Hz VGA HDMI DisplayPort Built-in Speakers Low Blue Light Flicker-Free Backlit LED IPS Monitor", "discount": "13%", "Shipping cost": "$9.99 Shipping", "rating": "Rating + 5"},
{"price": "$399.99", "item": "LG 27UK500-B 27\" 4K UHD 3840 x 2160 60Hz IPS 5ms (GTG) 2 x HDMI, DisplayPort FreeSync HDR10 Color Calibrated Monitor", "discount": "15%", "Shipping cost": "$9.99 Shipping", "rating": "Rating + 5"},
{"price": "$489.99", "item": "MSI Optix MAG301CR 30\" WFHD 2560 x 1080 1ms 200Hz 21:9 2x HDMI, DisplayPort, USB Type-C 3.2 USB Hub AMD FreeSync Backlit LED Curved Gaming Monitor", "discount": "6%", "Shipping cost": "$9.99 Shipping", "rating": "Rating + 4"},
{"price": null, "item": "Acer V246HQL 24\" (Actual size 23.6\") Full HD 1920 x 1080 5ms (GTG) 60Hz VGA HDMI Backlit LED LCD Monitor", "discount": null, "Shipping cost": "$4.99 Shipping", "rating": "Rating + 4"},
{"price": "$799.99", "item": "BenQ EX2780Q 27\" Quad HD 2560 x 1440 2K Resolution 5ms (GTG) 144Hz 2 x HDMI, DisplayPort USB Type-C AMD FreeSync Flicker-Free Low Blue Light Built-in Speakers LED Backlit IPS Gaming Monitor", "discount": "31%", "Shipping cost": "$9.99 Shipping", "rating": "Rating + 5"},
{"price": "$264.99", "item": "MSI Optix G241 24\" (Actual size 23.8\") Full HD 1920 x 1080 4ms (GTG) / 1ms (MPRT) 144Hz 2 x HDMI, DisplayPort AMD FreeSync Anti-Glare Frameless Design Backlit LED IPS Gaming Monitor", "discount": null, "Shipping cost": "$9.99 Shipping", "rating": "Rating + 4"},
{"price": null, "item": "Asus VA24EHE 23.8\" 1920 x 1080 Full HD LED LCD IPS Adaptive Sync Eye Care Monitor", "discount": null, "Shipping cost": "Free Shipping", "rating": "Rating + 5"},
{"price": "$559.99", "item": "ASUS TUF GAMING VG27WQ 27\" WQHD 2560 x 1440 (2K) 1ms (MPRT) 165Hz (Max) HDMI, DisplayPort FreeSync DisplayHDR 400 Built-in Speakers Curved Gaming Monitor", "discount": null, "Shipping cost": "$9.99 Shipping", "rating": "Rating + 4"},
{"price": null, "item": "Acer ED323QUR 32\" WQHD 2560 x 1440 75Hz FreeSync Curved Monitor", "discount": null, "Shipping cost": "$9.99 Shipping", "rating": "Rating + 5"},
{"price": null, "item": "ASUS VA27EHE 27\" Full HD 1920 x 1080 75Hz 5ms VGA HDMI Adaptive-Sync Asus Eye Care Low Blue Light and Flicker-Free Frameless Design LED Backlit IPS Monitor", "discount": null, "Shipping cost": "$9.99 Shipping", "rating": "Rating + 5"},
{"price": "$349.99", "item": "ASUS VP28UQG 28\" Ultra HD 3840 x 2160 4K Resolution 1ms 2 x HDMI, DisplayPort FreeSync Technology Asus Eye Care with Ultra Low-Blue Light Flicker-Free Technology Widescreen LED Backlit LCD Monitor", "discount": "6%", "Shipping cost": "$9.99 Shipping", "rating": "Rating + 4"},
{"price": null, "item": "BenQ ZOWIE XL Series XL2411P Dark Gray 24\" 144Hz Full HD 1920 x 1080 1ms (GTG) DVI HDMI DisplayPort eSports Gaming Monitor, Height Adjustable Stand", "discount": null, "Shipping cost": "$9.99 Shipping", "rating": "Rating + 4"},
{"price": "$139.99", "item": "LG 22MK430 22 inch Full HD LED Monitor", "discount": "14%", "Shipping cost": "$9.99 Shipping", "rating": "Rating + 5"},
{"price": "$429.99", "item": "ASUS VG279Q 27\" Full HD 1920 x 1080 1ms MPRT , 3ms(GTG) 144 Hz DVI, HDMI, DisplayPort FreeSync (AMD Adaptive Sync) Built-in Speakers Gaming Monitor, Full HD, IPS, 144Hz, Adaptive-Sync", "discount": null, "Shipping cost": "$9.99 Shipping", "rating": "Rating + 4"},
{"price": "$649.99", "item": "BenQ EW3270U 32\" (Actual size 31.5\") 3840 x 2160 4K Resolution 4ms HDMI, DisplayPort, USB Type-C Built-in Speakers Flicker-Free FreeSync HDR LED Backlit Gaming Monitor", "discount": "15%", "Shipping cost": "$9.99 Shipping", "rating": "Rating + 4"},
{"price": "$659.99", "item": "ASUS PB328Q 32\" QHD 2560 x 1440 (2K) 4ms (GTG) HDMI, D-Sub, DisplayPort, Dual-link DVI-D, 100% sRGB, Built-in Speakers Professional Monitor", "discount": null, "Shipping cost": "$9.99 Shipping", "rating": "Rating + 4"},
{"price": null, "item": "LG 27BK430H-B 27\" Full HD 1920 x 1080 5ms 75Hz HDMI VGA AMD FreeSync Technology LED Backlit IPS Monitor", "discount": null, "Shipping cost": "$10.99 Shipping", "rating": "Rating + 5"},
{"price": null, "item": "MSI Optix MAG321CQR 32\" WQHD Non-Glare Super Narrow Bezel 1ms 2560 x 1440 Resolution 144Hz Refresh Rate FreeSync Technology Height Adjustable Curved Monitor", "discount": null, "Shipping cost": "Free Shipping", "rating": "Rating + 4"},
{"price": null, "item": "ASUS ProArt Display PA278QV 27\" WQHD 2560 x 1440 Professional Monitor, 100% sRGB/Rec. 709 Delta E < 2, IPS, DisplayPort HDMI DVI-D Mini DP, Anti-glare, Tilt Pivot Swivel Height Adjustable", "discount": null, "Shipping cost": "$9.99 Shipping", "rating": "Rating + 5"},
{"price": null, "item": "MSI Optix MAG322CR 32\" (Actual size 31.5\") Full HD 1920 x 1080 1ms (MPRT) 180Hz 2 x HDMI, DisplayPort, USB Type-C, USB Hub AMD FreeSync Frameless Anti-Glare LED Backlit Curved Gaming Monitor", "discount": null, "Shipping cost": "$9.99 Shipping", "rating": "Rating + 5"},
{"price": null, "item": "MSI Optix MAG341CQ 34\" UWQHD 3440 x 1440 2K 100Hz 8ms (GTG) DisplayPort HDMI DVI AMD FreeSync Anti-Flicker UltraWide Anti-Glare Backlit LED Curved Gaming Monitor", "discount": null, "Shipping cost": "$9.99 Shipping", "rating": "Rating + 4"},
{"price": "$299.99", "item": "ASUS ProArt Display PA248QV 24.1\" WUXGA 1920 x 1200 16:10 Professional Monitor, 100% sRGB/Rec.709 Delta E < 2, IPS, DisplayPort HDMI D-Sub, Tilt Pivot Swivel Height Adjustable", "discount": null, "Shipping cost": "$9.99 Shipping", "rating": "Rating + 5"},
{"price": null, "item": "BenQ XR Series EX3501R 35\" 3440 x 1440 Resolution 100Hz 4ms DisplayPort, 2x HDMI, USB-C HDR10 FreeSync Flicker-Free Low Blue Light Ultrawide LED Backlit Curved Gaming Monitor", "discount": null, "Shipping cost": "$9.99 Shipping", "rating": "Rating + 5"},
{"price": null, "item": "MSI Optix MAG272CQR 27\" WQHD 2560 x 1440 2K Resolution 1ms (MPRT) 165Hz HDMI DisplayPort USB-C AMD FreeSync Anti-Flicker HDR Ready Backlit LED Curved Gaming Monitor", "discount": null, "Shipping cost": "$9.99 Shipping", "rating": "Rating + 5"},
{"price": null, "item": "BenQ BL2480T 24\" (Actual size 23.8\") Full HD 1920 x 1080 5ms (GTG) D-Sub, HDMI, DisplayPort Built-in Speakers Business Monitor with Eye Care Technology", "discount": null, "Shipping cost": "$9.99 Shipping", "rating": null},
{"price": "$249.99", "item": "ASUS TUF Gaming VG24VQ 24\" Full HD 1920 x 1080 1ms MPRT 144Hz 2 x HDMI, DisplayPort AMD FreeSync Asus Eye Care with Ultra Low-Blue Light & Flicker-Free Backlit LED Curved Gaming Monitor", "discount": null, "Shipping cost": "$9.99 Shipping", "rating": "Rating + 4"},
{"price": "$459.99", "item": "LG 34WL500-B 34\" 21:9 UltraWide 1080p Full HD IPS Monitor with HDR", "discount": "20%", "Shipping cost": "$9.99 Shipping", "rating": null},
{"price": null, "item": "ASUS VE248Q 24\" 1920 x 1080 2ms (GTG) VGA HDMI DisplayPort Asus Eye Care with Ultra Low-Blue Light & Flicker-Free Built-in Speakers LCD Monitor", "discount": null, "Shipping cost": "Free Shipping", "rating": "Rating + 4"},
{"price": "$399.99", "item": "LG 27GK750F-B 27\" TN G-Sync Compatible 2ms 240Hz Adaptive Sync 400 cd/m2 Gaming Monitor with HDMI 2.0 DisplayPort 1.2", "discount": "15%", "Shipping cost": "$9.99 Shipping", "rating": "Rating + 4"},
{"price": null, "item": "MSI Optix MAG161V 15.6\" Full HD 1920 x 1080 25ms (GTG) 60 Hz Mini HDMI, USB-C Portable Monitor", "discount": null, "Shipping cost": "$9.99 Shipping", "rating": "Rating + 4"},
{"price": null, "item": "BenQ EX3203R 31.5\" QHD 2560 x 1440 (2K) 4ms (GTG) 144 Hz HDMI, DisplayPort, USB-C FreeSync 2 Curved Widescreen LED Backlight Gaming Monitor", "discount": null, "Shipping cost": "$9.99 Shipping", "rating": "Rating + 4"}
]