[
{"comic title": "Election Impact Score Sheet", "comic number": 2379, "image link": "imgs.xkcd.com/comics/election_impact_score_sheet.pn", "hidden text": ["You might think most people you know are reliable voters, or that your nudge won't convince them, and you will usually be right. But some small but significant percentage of the time, you'll be wrong, and that's why this works."]},
{"comic title": "Probability Comparisons", "comic number": 2378, "image link": "imgs.xkcd.com/comics/probability_comparisons.pn", "hidden text": ["Call me, MAYBE."]},
{"comic title": "Fall Back", "comic number": 2377, "image link": "imgs.xkcd.com/comics/fall_back.pn", "hidden text": ["Doing great here in the sixth and hopefully final year of the 2016 election."]},
{"comic title": "xkcd Phone 12", "comic number": 2376, "image link": "imgs.xkcd.com/comics/xkcd_phone_12.pn", "hidden text": ["New phone OS features: Infinite customization (home screen icons no longer snap to grid), dark mode (disables screen), screaming mode (self-explanatory), and coherent ultracapacitor-pumped emission (please let us know what this setting does; we've been afraid to try it)."]},
{"comic title": "Curbside", "comic number": 2375, "image link": "imgs.xkcd.com/comics/curbside.pn", "hidden text": ["The state has had so many contact tracers disappear into that shop that they've had to start a contact tracer tracing program."]},
{"comic title": "Worst Ladder", "comic number": 2374, "image link": "imgs.xkcd.com/comics/worst_ladder.pn", "hidden text": ["[Six months later] \"Well, our 'worst ladder' subscription series was a surprisingly lucrative success, but was completely canceled out by the losses from the disastrous Home Depot merchandising tie-in.\""]},
{"comic title": "10,000 Hours", "comic number": 2373, "image link": "imgs.xkcd.com/comics/10000_hours.pn", "hidden text": ["I'm proud to announce that as of this year I've become a world-class expert at chewing."]},
{"comic title": "Chemist Eggs", "comic number": 2372, "image link": "imgs.xkcd.com/comics/chemist_eggs.pn", "hidden text": ["Chemists actually find it simpler to define a general odor of rotten eggs as a baseline, and the LACK of rotten eggs as a distinct smell."]},
{"comic title": "Dialect Quiz", "comic number": 2371, "image link": "imgs.xkcd.com/comics/dialect_quiz.pn", "hidden text": ["Do you make a distinction between shallots, scallops, and scallions? If you use all three words, do they all have different meanings, all the same, or are two the same and one different?"]},
{"comic title": "Election Screen Time", "comic number": 2370, "image link": "imgs.xkcd.com/comics/election_screen_time.pn", "hidden text": ["Feels like I picked a bad year to try to start having a healthy relationship with political news."]},
{"comic title": "Prediction", "comic number": 2369, "image link": "imgs.xkcd.com/comics/prediction.pn", "hidden text": ["You'd think it'd be easy to just bet money against these people, but you have to consider the probability of them paying up."]},
{"comic title": "All-in-One", "comic number": 2368, "image link": "imgs.xkcd.com/comics/all_in_one.pn", "hidden text": ["Changes with this update: If you use the combined scan-shred function, it now performs them in that order instead of the reverse, saving a HUGE amount of CPU time."]},
{"comic title": "Bigger Problem", "comic number": 2367, "image link": "imgs.xkcd.com/comics/bigger_problem.pn", "hidden text": ["Your point that the world contains multiple problems is a real slam-dunk argument against fixing any of them."]},
{"comic title": "Masks", "comic number": 2366, "image link": "imgs.xkcd.com/comics/masks.pn", "hidden text": ["Haunted Halloween masks from a mysterious costume shop that turn you evil and grow into your skin score a surprisingly high 80% filtration efficiency in R. L. Stine-sponsored NIOSH tests."]},
{"comic title": "Amelia's Farm Fresh Cookies", "comic number": 2365, "image link": "imgs.xkcd.com/comics/amelias_farm_fresh_cookies.pn", "hidden text": ["I told her I'd take her address off the packaging if she'd stop submitting anonymous food safety complaints about my bakery to the health department, but she sent me a note that said NO DEAL along with an extra large batch of cookies."]},
{"comic title": "Messaging Systems", "comic number": 2364, "image link": "imgs.xkcd.com/comics/messaging_systems.pn", "hidden text": ["SMS is just the worst, but I'm having trouble convincing people to adopt my preferred system, TLS IRC with a local server and a patched DOSBox gateway running in my mobile browser."]},
{"comic title": "Parity Conservation", "comic number": 2363, "image link": "imgs.xkcd.com/comics/parity_conservation.pn", "hidden text": ["Bloody Mary is made of antimatter. It explains so much."]},
{"comic title": "Message Boards", "comic number": 2362, "image link": "imgs.xkcd.com/comics/message_boards.pn", "hidden text": ["(c) You can have a scooter when you pay for it yourself, and (d) if you can't learn to start a new thread rather than responding to an old one, you'll be banned. [thread locked by moderator]"]},
{"comic title": "Volcano Dinosaur", "comic number": 2361, "image link": "imgs.xkcd.com/comics/volcano_dinosaur.pn", "hidden text": ["Phylogeneticists are working on identifying and notifying its next of kin."]},
{"comic title": "Voting", "comic number": 2360, "image link": "imgs.xkcd.com/comics/voting.pn", "hidden text": ["'Wait, our state has mail voting. The forms are literally on the kitchen table.' 'Not now, I'm busy researching which channels have sharks in them.'"]},
{"comic title": "Common Star Types", "comic number": 2359, "image link": "imgs.xkcd.com/comics/common_star_types.pn", "hidden text": ["This article is about Eta Carinae, a luminous blue hypergiant with anomalous Fe[ii] emission spectra. For the 1998 Brad Bird film, see The Iron Giant (film)."]},
{"comic title": "Evidence of Alien Life", "comic number": 2358, "image link": "imgs.xkcd.com/comics/evidence_of_alien_life.pn", "hidden text": ["Both too cautious AND not cautious enough: \"I'm skeptical that those are aliens, so I'm going to try pulling off their masks.\""]},
{"comic title": "Gravitational Wave Pulsars", "comic number": 2357, "image link": "imgs.xkcd.com/comics/gravitational_wave_pulsars.pn", "hidden text": ["The most important attributes of a vector in 3-space are {Location, Location, Location}"]},
{"comic title": "Polls vs the Street", "comic number": 2356, "image link": "imgs.xkcd.com/comics/polls_vs_the_street.pn", "hidden text": ["Other pollsters complain about declining response rates, but our poll showed that 96% of respondents would be 'somewhat likely' or 'very likely' to agree to answer a series of questions for a survey."]},
{"comic title": "Constellation Monstrosity", "comic number": 2355, "image link": "imgs.xkcd.com/comics/constellation_monstrosity.pn", "hidden text": ["It's rare to get both astronomers and astrologers equally mad at you, but apparently I've messed up both a bunch of star location databases AND the will of the fates."]},
{"comic title": "University COVID Model", "comic number": 2354, "image link": "imgs.xkcd.com/comics/university_covid_model.pn", "hidden text": ["I admit this is an exaggeration, since I can think of at least three parties I attended while doing my degree, and I'm probably forgetting several more."]},
{"comic title": "Stellar Evolution", "comic number": 2353, "image link": "imgs.xkcd.com/comics/stellar_evolution.pn", "hidden text": ["It may remain in equilibrium for some time, slowly growing, and then suddenly become significantly redder."]},
{"comic title": "Hurricane Hunters", "comic number": 2352, "image link": "imgs.xkcd.com/comics/hurricane_hunters.pn", "hidden text": ["Our flight gathered valuable data on whether a commercial airliner in the eye of a hurricane can do a loop."]},
{"comic title": "Synonym Date", "comic number": 2351, "image link": "imgs.xkcd.com/comics/synonym_date.pn", "hidden text": ["We need some grub to munch--I'll go slouch over to the kitchen."]},
{"comic title": "Standard Model Changes", "comic number": 2350, "image link": "imgs.xkcd.com/comics/standard_model_changes.pn", "hidden text": ["Bugs are spin 1/2 particles, unless it's particularly windy."]},
{"comic title": "Deer Turrets", "comic number": 2349, "image link": "imgs.xkcd.com/comics/deer_turrets.pn", "hidden text": ["When my great grandfather designed the Titanic and it hit an iceberg and sank, he didn't sit around moping. He took those lessons to his next job designing airships, and he made the Hindenburg completely iceberg-proof!"]},
{"comic title": "Rabbit Introduction", "comic number": 2348, "image link": "imgs.xkcd.com/comics/rabbit_introduction.pn", "hidden text": ["Washington state is seeing great success with reintroducing the Columbia River Basin subpopulation. We cannot allow them to further widen the interstate bun gap."]},
{"comic title": "Boat Puzzle", "comic number": 2347, "image link": "imgs.xkcd.com/comics/boat_puzzle.pn", "hidden text": ["'No, my cabbage moths have already started laying eggs in them! Send the trolley into the river!' 'No, the sailing wolf will steal the boat to rescue them!'"]},
{"comic title": "Dependency", "comic number": 2346, "image link": "imgs.xkcd.com/comics/dependency.pn", "hidden text": ["Someday ImageMagick will finally break for good and we'll have a long period of scrambling as we try to reassemble civilization from the rubble."]},
{"comic title": "COVID Risk Comfort Zone", "comic number": 2345, "image link": "imgs.xkcd.com/comics/covid_risk_comfort_zone.pn", "hidden text": ["I'm like a vampire, except I'm not crossing that threshold even if you invite me."]},
{"comic title": "Wish on a Shooting Star", "comic number": 2344, "image link": "imgs.xkcd.com/comics/wish_on_a_shooting_star.pn", "hidden text": ["Congratulations to whoever wished for revenge on a forest near the Tunguska River, a 1980 Chevy Malibu in Peekskill NY, Alabama resident Ann Hodges, every building in Chelyabinsk with glass windows, and the non-avian dinosaurs."]},
{"comic title": "26-Second Pulse", "comic number": 2343, "image link": "imgs.xkcd.com/comics/26_second_pulse.pn", "hidden text": ["There are some papers arguing that there's a volcanic component, but I personally think they're just feeling guilty and trying to cover the trail."]},
{"comic title": "Mathematical Symbol Fight", "comic number": 2342, "image link": "imgs.xkcd.com/comics/mathematical_symbol_fight.pn", "hidden text": ["Oh no, a musician just burst in through the door confidently twirling a treble clef."]},
{"comic title": "Exposure Notification", "comic number": 2341, "image link": "imgs.xkcd.com/comics/exposure_notification.pn", "hidden text": ["I don't see why everyone is so hungry for BAD news, but fine, I'll give in to feedback and add a dark mode."]},
{"comic title": "Scientist Tech Help", "comic number": 2340, "image link": "imgs.xkcd.com/comics/scientist_tech_help.pn", "hidden text": ["I vaguely and irrationally resent how useful WebPlotDigitizer is."]},
{"comic title": "Cosmologist Genres", "comic number": 2339, "image link": "imgs.xkcd.com/comics/cosmologist_genres.pn", "hidden text": []},
{"comic title": "Pods vs Bubbles", "comic number": 2338, "image link": "imgs.xkcd.com/comics/pods_vs_bubbles.pn", "hidden text": ["Canada's travel restrictions on the US are 99% about keeping out COVID and 1% about keeping out people who say 'pod.'"]},
{"comic title": "Faraday Tour", "comic number": 2337, "image link": "imgs.xkcd.com/comics/faraday_tour.pn", "hidden text": []},
{"comic title": "Asterisk Corrections", "comic number": 2336, "image link": "imgs.xkcd.com/comics/asterisk_corrections.pn", "hidden text": ["I like trying to make it as hard as possible. \"I'd love to meet up, maybe in a few days? Next week is looking pretty empty. *witchcraft\""]},
{"comic title": "Campfire Habitable Zone", "comic number": 2335, "image link": "imgs.xkcd.com/comics/campfire_habitable_zone.pn", "hidden text": ["Oh no, my marshmallow became tidally locked!"]},
{"comic title": "Photo Deposit", "comic number": 2334, "image link": "imgs.xkcd.com/comics/photo_deposit.pn", "hidden text": ["It's okay, they scan the serial numbers and make sure you can't deposit the same bill more than once."]},
{"comic title": "Slide Trombone", "comic number": 2333, "image link": "imgs.xkcd.com/comics/slide_trombone.pn", "hidden text": ["Remember the CPS 2000, the super soaker that was discontinued because it was too powerful? Relatedly, can I borrow your tuba?"]},
{"comic title": "COVID Risk Chart", "comic number": 2332, "image link": "imgs.xkcd.com/comics/covid_risk_chart.pn", "hidden text": ["First prize is a free ticket to the kissing booth."]},
{"comic title": "Cursed Chair", "comic number": 2331, "image link": "imgs.xkcd.com/comics/cursed_chair.pn", "hidden text": ["The Wirecutter staff called the Herman Miller Siege Perilous \"the most cursed product we've ever had to fight\" and \"nearly as immortal as it boasts.\""]},
{"comic title": "Hamster Ball 2", "comic number": 2330, "image link": "imgs.xkcd.com/comics/hamster_ball_2.pn", "hidden text": ["The worst is being teased by responsible, mask-wearing teens. They even spritz the hamster ball with disinfectant before rolling it, carefully avoiding the filter vents."]},
{"comic title": "Acceptable Risk", "comic number": 2329, "image link": "imgs.xkcd.com/comics/acceptable_risk.pn", "hidden text": ["Good thing I'm not already prone to overthinking everyday decisions!"]},
{"comic title": "Universal Rating Scale", "comic number": 2328, "image link": "imgs.xkcd.com/comics/universal_rating_scale.pn", "hidden text": ["There are plenty of finer gradations. I got 'critically endangered/extinct in the wild' on my exam, although the curve bumped it all the way up to 'venti.'"]},
{"comic title": "Space Basketball", "comic number": 2327, "image link": "imgs.xkcd.com/comics/space_basketball.pn", "hidden text": ["My shooting will improve over the short term, but over the long term the universe will take more shots."]},
{"comic title": "Oily House Index", "comic number": 2326, "image link": "imgs.xkcd.com/comics/oily_house_index.pn", "hidden text": ["We're underwater on our mortgage thanks to the low price of water."]},
{"comic title": "Five Word Jargon", "comic number": 2325, "image link": "imgs.xkcd.com/comics/five_word_jargon.pn", "hidden text": ["My other (much harder) hobby is trying to engineer situations where I have an excuse to use more than one of them in short succession."]},
{"comic title": "Endorheic Basin", "comic number": 2324, "image link": "imgs.xkcd.com/comics/endorheic_basin.pn", "hidden text": ["My biggest fear is that colonial engineers will try to flood me to generate electricity. My biggest hope is that I'll develop sailing stones."]},
{"comic title": "Old Days 2", "comic number": 2323, "image link": "imgs.xkcd.com/comics/old_days_2.pn", "hidden text": ["The git vehicle fleet eventually pivoted to selling ice cream, but some holdovers remain. If you flag down an ice cream truck and hand the driver a floppy disk, a few hours later you'll get an invite to a git repo."]},
{"comic title": "Modeling Study", "comic number": 2322, "image link": "imgs.xkcd.com/comics/modeling_study.pn", "hidden text": ["You've got questions, we've got assumptions."]},
{"comic title": "ISO Paper Size Golden Spiral", "comic number": 2321, "image link": "imgs.xkcd.com/comics/iso_paper_size_golden_spiral.pn", "hidden text": ["The ISO 216 standard ratio is cos(45\u00b0), but American letter paper is 8.5x11 because it uses radians, and 8.5/11 = pi/4."]},
{"comic title": "Low-Background Metal", "comic number": 2320, "image link": "imgs.xkcd.com/comics/low_background_metal.pn", "hidden text": ["The only effect on the history books were a few confusing accounts of something called 'Greek fire.'"]},
{"comic title": "Millennium Problems", "comic number": 2319, "image link": "imgs.xkcd.com/comics/millennium_problems.pn", "hidden text": ["The hard part about opening a hole in the proof of the Poincar\u00e9 conjecture is that Grigori Perelman will come out of retirement to try to fix it by drawing a loop around the hole and contracting it to a point."]},
{"comic title": "Large Number Formats", "comic number": 2318, "image link": "imgs.xkcd.com/comics/large_number_formats.pn", "hidden text": ["10^13.4024: A person who has come back to numbers after a journey deep into some random theoretical field"]},
{"comic title": "Dynamic Entropy", "comic number": 2317, "image link": "imgs.xkcd.com/comics/dynamic_entropy.pn", "hidden text": ["Despite years of effort by my physics professors to normalize it, deep down I remain convinced that 'dynamical' is not really a word."]},
{"comic title": "Pinouts", "comic number": 2316, "image link": "imgs.xkcd.com/comics/pinouts.pn", "hidden text": ["The other side of USB-C is rotationally symmetric except that the 3rd pin from the top is designated FIREWIRE TRIBUTE PIN."]},
{"comic title": "Hair Growth Rate", "comic number": 2315, "image link": "imgs.xkcd.com/comics/hair_growth_rate.pn", "hidden text": ["Hourly haircuts would be annoying, but they'd be easier to do yourself, since you'd have adjacent hairs as a guide. Growing it out would be a huge pain, though."]},
{"comic title": "Eventual Consistency", "comic number": 2314, "image link": "imgs.xkcd.com/comics/eventual_consistency.pn", "hidden text": ["Later I'm going to get a head start on the heat bath."]},
{"comic title": "Carcinization", "comic number": 2313, "image link": "imgs.xkcd.com/comics/carcinization.pn", "hidden text": ["Nature abhors a vacuum and also anything that's not a crab."]},
{"comic title": "Wrong Times Table", "comic number": 2312, "image link": "imgs.xkcd.com/comics/wrong_times_table.pn", "hidden text": ["Deep in some corner of my heart, I suspect that real times tables are wrong about 6x7=42 and 8x7=56."]},
{"comic title": "mbmbam", "comic number": 2311, "image link": "imgs.xkcd.com/comics/mbmbam.pn", "hidden text": ["Hello and welcome to Millibar Millibarn Attometer, an advice show for the Planck era."]},
{"comic title": "Confidence Interval", "comic number": 2310, "image link": "imgs.xkcd.com/comics/confidence_interval.pn", "hidden text": ["The worst part is that's the millisigma interval."]},
{"comic title": "Great Attractor", "comic number": 2309, "image link": "imgs.xkcd.com/comics/great_attractor.pn", "hidden text": ["Living in the southern hemisphere was nice because I could jump extra high, but I like it here too. Besides, if I ever want to move back, I can just curl up in a ball and wait!"]},
{"comic title": "X", "comic number": 2308, "image link": "imgs.xkcd.com/comics/x.pn", "hidden text": ["The worst is when you run out of monospaced fonts and have to use variable-width variables."]},
{"comic title": "Mount St. Helens", "comic number": 2307, "image link": "imgs.xkcd.com/comics/mount_st_helens.pn", "hidden text": ["It's a good mountain but it really peaked in the 80s."]},
{"comic title": "Alive or Not", "comic number": 2306, "image link": "imgs.xkcd.com/comics/alive_or_not.pn", "hidden text": ["Computer viruses currently fall somewhere between prions and fire."]},
{"comic title": "Common Cold", "comic number": 2305, "image link": "imgs.xkcd.com/comics/common_cold.pn", "hidden text": ["Not even metapneumovirus, easily the common cold virus with the coolest name, warrants our sympathy. Colds suck. No mercy."]},
{"comic title": "Coronavirus Polling", "comic number": 2304, "image link": "imgs.xkcd.com/comics/coronavirus_polling.pn", "hidden text": ["If you want to see the polling questions we agree on MOST, you can check out Chapter 24 of my book How To, where I got the Roper Center on Public Opinion Research to help me design the world's least electable political campaign platform."]},
{"comic title": "Preprint", "comic number": 2303, "image link": "imgs.xkcd.com/comics/preprint.pn", "hidden text": ["DOWNSIDES: Adobe people may periodically email your newsroom to ask you to call it an 'Adobe\u00ae PDF document,' but they'll reverse course once they learn how sarcastically you can pronounce the registered trademark symbol."]},
{"comic title": "Error Types", "comic number": 2302, "image link": "imgs.xkcd.com/comics/error_types.pn", "hidden text": ["Type IIII error: Mistaking tally marks for Roman numerals"]},
{"comic title": "2020 Google Trends", "comic number": 2301, "image link": "imgs.xkcd.com/comics/2020_google_trends.pn", "hidden text": ["As the 'exotic animals in homemade aprons hosting baking shows' YouTube craze reached its peak in March 2020, Andrew Cuomo announced he was replacing the Statue of Liberty with a bronze pangolin in a chef's hat."]},
{"comic title": "Turtle Sandwich Standard Model", "comic number": 2300, "image link": "imgs.xkcd.com/comics/turtle_sandwich_standard_model.pn", "hidden text": ["It's possible the bread and shell can be split into a top and bottom flavor, and some models additionally suggest Strange Bread and Charm Shells."]}
][
{"comic title": "Election Impact Score Sheet", "comic number": 2379, "image link": "imgs.xkcd.com/comics/election_impact_score_sheet.png", "hidden text": ["You might think most people you know are reliable voters, or that your nudge won't convince them, and you will usually be right. But some small but significant percentage of the time, you'll be wrong, and that's why this works."]},
{"comic title": "Probability Comparisons", "comic number": 2378, "image link": "imgs.xkcd.com/comics/probability_comparisons.png", "hidden text": ["Call me, MAYBE."]},
{"comic title": "Fall Back", "comic number": 2377, "image link": "imgs.xkcd.com/comics/fall_back.png", "hidden text": ["Doing great here in the sixth and hopefully final year of the 2016 election."]},
{"comic title": "xkcd Phone 12", "comic number": 2376, "image link": "imgs.xkcd.com/comics/xkcd_phone_12.png", "hidden text": ["New phone OS features: Infinite customization (home screen icons no longer snap to grid), dark mode (disables screen), screaming mode (self-explanatory), and coherent ultracapacitor-pumped emission (please let us know what this setting does; we've been afraid to try it)."]},
{"comic title": "Curbside", "comic number": 2375, "image link": "imgs.xkcd.com/comics/curbside.png", "hidden text": ["The state has had so many contact tracers disappear into that shop that they've had to start a contact tracer tracing program."]},
{"comic title": "Worst Ladder", "comic number": 2374, "image link": "imgs.xkcd.com/comics/worst_ladder.png", "hidden text": ["[Six months later] \"Well, our 'worst ladder' subscription series was a surprisingly lucrative success, but was completely canceled out by the losses from the disastrous Home Depot merchandising tie-in.\""]},
{"comic title": "10,000 Hours", "comic number": 2373, "image link": "imgs.xkcd.com/comics/10000_hours.png", "hidden text": ["I'm proud to announce that as of this year I've become a world-class expert at chewing."]},
{"comic title": "Chemist Eggs", "comic number": 2372, "image link": "imgs.xkcd.com/comics/chemist_eggs.png", "hidden text": ["Chemists actually find it simpler to define a general odor of rotten eggs as a baseline, and the LACK of rotten eggs as a distinct smell."]},
{"comic title": "Dialect Quiz", "comic number": 2371, "image link": "imgs.xkcd.com/comics/dialect_quiz.png", "hidden text": ["Do you make a distinction between shallots, scallops, and scallions? If you use all three words, do they all have different meanings, all the same, or are two the same and one different?"]},
{"comic title": "Election Screen Time", "comic number": 2370, "image link": "imgs.xkcd.com/comics/election_screen_time.png", "hidden text": ["Feels like I picked a bad year to try to start having a healthy relationship with political news."]},
{"comic title": "Prediction", "comic number": 2369, "image link": "imgs.xkcd.com/comics/prediction.png", "hidden text": ["You'd think it'd be easy to just bet money against these people, but you have to consider the probability of them paying up."]},
{"comic title": "All-in-One", "comic number": 2368, "image link": "imgs.xkcd.com/comics/all_in_one.png", "hidden text": ["Changes with this update: If you use the combined scan-shred function, it now performs them in that order instead of the reverse, saving a HUGE amount of CPU time."]},
{"comic title": "Bigger Problem", "comic number": 2367, "image link": "imgs.xkcd.com/comics/bigger_problem.png", "hidden text": ["Your point that the world contains multiple problems is a real slam-dunk argument against fixing any of them."]},
{"comic title": "Masks", "comic number": 2366, "image link": "imgs.xkcd.com/comics/masks.png", "hidden text": ["Haunted Halloween masks from a mysterious costume shop that turn you evil and grow into your skin score a surprisingly high 80% filtration efficiency in R. L. Stine-sponsored NIOSH tests."]},
{"comic title": "Amelia's Farm Fresh Cookies", "comic number": 2365, "image link": "imgs.xkcd.com/comics/amelias_farm_fresh_cookies.png", "hidden text": ["I told her I'd take her address off the packaging if she'd stop submitting anonymous food safety complaints about my bakery to the health department, but she sent me a note that said NO DEAL along with an extra large batch of cookies."]},
{"comic title": "Messaging Systems", "comic number": 2364, "image link": "imgs.xkcd.com/comics/messaging_systems.png", "hidden text": ["SMS is just the worst, but I'm having trouble convincing people to adopt my preferred system, TLS IRC with a local server and a patched DOSBox gateway running in my mobile browser."]},
{"comic title": "Parity Conservation", "comic number": 2363, "image link": "imgs.xkcd.com/comics/parity_conservation.png", "hidden text": ["Bloody Mary is made of antimatter. It explains so much."]},
{"comic title": "Message Boards", "comic number": 2362, "image link": "imgs.xkcd.com/comics/message_boards.png", "hidden text": ["(c) You can have a scooter when you pay for it yourself, and (d) if you can't learn to start a new thread rather than responding to an old one, you'll be banned. [thread locked by moderator]"]},
{"comic title": "Volcano Dinosaur", "comic number": 2361, "image link": "imgs.xkcd.com/comics/volcano_dinosaur.png", "hidden text": ["Phylogeneticists are working on identifying and notifying its next of kin."]},
{"comic title": "Voting", "comic number": 2360, "image link": "imgs.xkcd.com/comics/voting.png", "hidden text": ["'Wait, our state has mail voting. The forms are literally on the kitchen table.' 'Not now, I'm busy researching which channels have sharks in them.'"]},
{"comic title": "Common Star Types", "comic number": 2359, "image link": "imgs.xkcd.com/comics/common_star_types.png", "hidden text": ["This article is about Eta Carinae, a luminous blue hypergiant with anomalous Fe[ii] emission spectra. For the 1998 Brad Bird film, see The Iron Giant (film)."]},
{"comic title": "Evidence of Alien Life", "comic number": 2358, "image link": "imgs.xkcd.com/comics/evidence_of_alien_life.png", "hidden text": ["Both too cautious AND not cautious enough: \"I'm skeptical that those are aliens, so I'm going to try pulling off their masks.\""]},
{"comic title": "Gravitational Wave Pulsars", "comic number": 2357, "image link": "imgs.xkcd.com/comics/gravitational_wave_pulsars.png", "hidden text": ["The most important attributes of a vector in 3-space are {Location, Location, Location}"]},
{"comic title": "Polls vs the Street", "comic number": 2356, "image link": "imgs.xkcd.com/comics/polls_vs_the_street.png", "hidden text": ["Other pollsters complain about declining response rates, but our poll showed that 96% of respondents would be 'somewhat likely' or 'very likely' to agree to answer a series of questions for a survey."]},
{"comic title": "Constellation Monstrosity", "comic number": 2355, "image link": "imgs.xkcd.com/comics/constellation_monstrosity.png", "hidden text": ["It's rare to get both astronomers and astrologers equally mad at you, but apparently I've messed up both a bunch of star location databases AND the will of the fates."]},
{"comic title": "University COVID Model", "comic number": 2354, "image link": "imgs.xkcd.com/comics/university_covid_model.png", "hidden text": ["I admit this is an exaggeration, since I can think of at least three parties I attended while doing my degree, and I'm probably forgetting several more."]},
{"comic title": "Stellar Evolution", "comic number": 2353, "image link": "imgs.xkcd.com/comics/stellar_evolution.png", "hidden text": ["It may remain in equilibrium for some time, slowly growing, and then suddenly become significantly redder."]},
{"comic title": "Hurricane Hunters", "comic number": 2352, "image link": "imgs.xkcd.com/comics/hurricane_hunters.png", "hidden text": ["Our flight gathered valuable data on whether a commercial airliner in the eye of a hurricane can do a loop."]},
{"comic title": "Synonym Date", "comic number": 2351, "image link": "imgs.xkcd.com/comics/synonym_date.png", "hidden text": ["We need some grub to munch--I'll go slouch over to the kitchen."]},
{"comic title": "Standard Model Changes", "comic number": 2350, "image link": "imgs.xkcd.com/comics/standard_model_changes.png", "hidden text": ["Bugs are spin 1/2 particles, unless it's particularly windy."]},
{"comic title": "Deer Turrets", "comic number": 2349, "image link": "imgs.xkcd.com/comics/deer_turrets.png", "hidden text": ["When my great grandfather designed the Titanic and it hit an iceberg and sank, he didn't sit around moping. He took those lessons to his next job designing airships, and he made the Hindenburg completely iceberg-proof!"]},
{"comic title": "Rabbit Introduction", "comic number": 2348, "image link": "imgs.xkcd.com/comics/rabbit_introduction.png", "hidden text": ["Washington state is seeing great success with reintroducing the Columbia River Basin subpopulation. We cannot allow them to further widen the interstate bun gap."]},
{"comic title": "Boat Puzzle", "comic number": 2347, "image link": "imgs.xkcd.com/comics/boat_puzzle.png", "hidden text": ["'No, my cabbage moths have already started laying eggs in them! Send the trolley into the river!' 'No, the sailing wolf will steal the boat to rescue them!'"]},
{"comic title": "Dependency", "comic number": 2346, "image link": "imgs.xkcd.com/comics/dependency.png", "hidden text": ["Someday ImageMagick will finally break for good and we'll have a long period of scrambling as we try to reassemble civilization from the rubble."]},
{"comic title": "COVID Risk Comfort Zone", "comic number": 2345, "image link": "imgs.xkcd.com/comics/covid_risk_comfort_zone.png", "hidden text": ["I'm like a vampire, except I'm not crossing that threshold even if you invite me."]},
{"comic title": "Wish on a Shooting Star", "comic number": 2344, "image link": "imgs.xkcd.com/comics/wish_on_a_shooting_star.png", "hidden text": ["Congratulations to whoever wished for revenge on a forest near the Tunguska River, a 1980 Chevy Malibu in Peekskill NY, Alabama resident Ann Hodges, every building in Chelyabinsk with glass windows, and the non-avian dinosaurs."]},
{"comic title": "26-Second Pulse", "comic number": 2343, "image link": "imgs.xkcd.com/comics/26_second_pulse.png", "hidden text": ["There are some papers arguing that there's a volcanic component, but I personally think they're just feeling guilty and trying to cover the trail."]},
{"comic title": "Mathematical Symbol Fight", "comic number": 2342, "image link": "imgs.xkcd.com/comics/mathematical_symbol_fight.png", "hidden text": ["Oh no, a musician just burst in through the door confidently twirling a treble clef."]},
{"comic title": "Exposure Notification", "comic number": 2341, "image link": "imgs.xkcd.com/comics/exposure_notification.png", "hidden text": ["I don't see why everyone is so hungry for BAD news, but fine, I'll give in to feedback and add a dark mode."]},
{"comic title": "Scientist Tech Help", "comic number": 2340, "image link": "imgs.xkcd.com/comics/scientist_tech_help.png", "hidden text": ["I vaguely and irrationally resent how useful WebPlotDigitizer is."]},
{"comic title": "Cosmologist Genres", "comic number": 2339, "image link": "imgs.xkcd.com/comics/cosmologist_genres.png", "hidden text": []},
{"comic title": "Pods vs Bubbles", "comic number": 2338, "image link": "imgs.xkcd.com/comics/pods_vs_bubbles.png", "hidden text": ["Canada's travel restrictions on the US are 99% about keeping out COVID and 1% about keeping out people who say 'pod.'"]},
{"comic title": "Faraday Tour", "comic number": 2337, "image link": "imgs.xkcd.com/comics/faraday_tour.png", "hidden text": []},
{"comic title": "Asterisk Corrections", "comic number": 2336, "image link": "imgs.xkcd.com/comics/asterisk_corrections.png", "hidden text": ["I like trying to make it as hard as possible. \"I'd love to meet up, maybe in a few days? Next week is looking pretty empty. *witchcraft\""]},
{"comic title": "Campfire Habitable Zone", "comic number": 2335, "image link": "imgs.xkcd.com/comics/campfire_habitable_zone.png", "hidden text": ["Oh no, my marshmallow became tidally locked!"]},
{"comic title": "Photo Deposit", "comic number": 2334, "image link": "imgs.xkcd.com/comics/photo_deposit.png", "hidden text": ["It's okay, they scan the serial numbers and make sure you can't deposit the same bill more than once."]},
{"comic title": "Slide Trombone", "comic number": 2333, "image link": "imgs.xkcd.com/comics/slide_trombone.png", "hidden text": ["Remember the CPS 2000, the super soaker that was discontinued because it was too powerful? Relatedly, can I borrow your tuba?"]},
{"comic title": "COVID Risk Chart", "comic number": 2332, "image link": "imgs.xkcd.com/comics/covid_risk_chart.png", "hidden text": ["First prize is a free ticket to the kissing booth."]},
{"comic title": "Cursed Chair", "comic number": 2331, "image link": "imgs.xkcd.com/comics/cursed_chair.png", "hidden text": ["The Wirecutter staff called the Herman Miller Siege Perilous \"the most cursed product we've ever had to fight\" and \"nearly as immortal as it boasts.\""]},
{"comic title": "Hamster Ball 2", "comic number": 2330, "image link": "imgs.xkcd.com/comics/hamster_ball_2.png", "hidden text": ["The worst is being teased by responsible, mask-wearing teens. They even spritz the hamster ball with disinfectant before rolling it, carefully avoiding the filter vents."]},
{"comic title": "Acceptable Risk", "comic number": 2329, "image link": "imgs.xkcd.com/comics/acceptable_risk.png", "hidden text": ["Good thing I'm not already prone to overthinking everyday decisions!"]},
{"comic title": "Universal Rating Scale", "comic number": 2328, "image link": "imgs.xkcd.com/comics/universal_rating_scale.png", "hidden text": ["There are plenty of finer gradations. I got 'critically endangered/extinct in the wild' on my exam, although the curve bumped it all the way up to 'venti.'"]},
{"comic title": "Space Basketball", "comic number": 2327, "image link": "imgs.xkcd.com/comics/space_basketball.png", "hidden text": ["My shooting will improve over the short term, but over the long term the universe will take more shots."]},
{"comic title": "Oily House Index", "comic number": 2326, "image link": "imgs.xkcd.com/comics/oily_house_index.png", "hidden text": ["We're underwater on our mortgage thanks to the low price of water."]},
{"comic title": "Five Word Jargon", "comic number": 2325, "image link": "imgs.xkcd.com/comics/five_word_jargon.png", "hidden text": ["My other (much harder) hobby is trying to engineer situations where I have an excuse to use more than one of them in short succession."]},
{"comic title": "Endorheic Basin", "comic number": 2324, "image link": "imgs.xkcd.com/comics/endorheic_basin.png", "hidden text": ["My biggest fear is that colonial engineers will try to flood me to generate electricity. My biggest hope is that I'll develop sailing stones."]},
{"comic title": "Old Days 2", "comic number": 2323, "image link": "imgs.xkcd.com/comics/old_days_2.png", "hidden text": ["The git vehicle fleet eventually pivoted to selling ice cream, but some holdovers remain. If you flag down an ice cream truck and hand the driver a floppy disk, a few hours later you'll get an invite to a git repo."]},
{"comic title": "Modeling Study", "comic number": 2322, "image link": "imgs.xkcd.com/comics/modeling_study.png", "hidden text": ["You've got questions, we've got assumptions."]},
{"comic title": "ISO Paper Size Golden Spiral", "comic number": 2321, "image link": "imgs.xkcd.com/comics/iso_paper_size_golden_spiral.png", "hidden text": ["The ISO 216 standard ratio is cos(45\u00b0), but American letter paper is 8.5x11 because it uses radians, and 8.5/11 = pi/4."]},
{"comic title": "Low-Background Metal", "comic number": 2320, "image link": "imgs.xkcd.com/comics/low_background_metal.png", "hidden text": ["The only effect on the history books were a few confusing accounts of something called 'Greek fire.'"]},
{"comic title": "Millennium Problems", "comic number": 2319, "image link": "imgs.xkcd.com/comics/millennium_problems.png", "hidden text": ["The hard part about opening a hole in the proof of the Poincar\u00e9 conjecture is that Grigori Perelman will come out of retirement to try to fix it by drawing a loop around the hole and contracting it to a point."]},
{"comic title": "Large Number Formats", "comic number": 2318, "image link": "imgs.xkcd.com/comics/large_number_formats.png", "hidden text": ["10^13.4024: A person who has come back to numbers after a journey deep into some random theoretical field"]},
{"comic title": "Dynamic Entropy", "comic number": 2317, "image link": "imgs.xkcd.com/comics/dynamic_entropy.png", "hidden text": ["Despite years of effort by my physics professors to normalize it, deep down I remain convinced that 'dynamical' is not really a word."]},
{"comic title": "Pinouts", "comic number": 2316, "image link": "imgs.xkcd.com/comics/pinouts.png", "hidden text": ["The other side of USB-C is rotationally symmetric except that the 3rd pin from the top is designated FIREWIRE TRIBUTE PIN."]},
{"comic title": "Hair Growth Rate", "comic number": 2315, "image link": "imgs.xkcd.com/comics/hair_growth_rate.png", "hidden text": ["Hourly haircuts would be annoying, but they'd be easier to do yourself, since you'd have adjacent hairs as a guide. Growing it out would be a huge pain, though."]},
{"comic title": "Eventual Consistency", "comic number": 2314, "image link": "imgs.xkcd.com/comics/eventual_consistency.png", "hidden text": ["Later I'm going to get a head start on the heat bath."]},
{"comic title": "Carcinization", "comic number": 2313, "image link": "imgs.xkcd.com/comics/carcinization.png", "hidden text": ["Nature abhors a vacuum and also anything that's not a crab."]},
{"comic title": "Wrong Times Table", "comic number": 2312, "image link": "imgs.xkcd.com/comics/wrong_times_table.png", "hidden text": ["Deep in some corner of my heart, I suspect that real times tables are wrong about 6x7=42 and 8x7=56."]},
{"comic title": "mbmbam", "comic number": 2311, "image link": "imgs.xkcd.com/comics/mbmbam.png", "hidden text": ["Hello and welcome to Millibar Millibarn Attometer, an advice show for the Planck era."]},
{"comic title": "Confidence Interval", "comic number": 2310, "image link": "imgs.xkcd.com/comics/confidence_interval.png", "hidden text": ["The worst part is that's the millisigma interval."]},
{"comic title": "Great Attractor", "comic number": 2309, "image link": "imgs.xkcd.com/comics/great_attractor.png", "hidden text": ["Living in the southern hemisphere was nice because I could jump extra high, but I like it here too. Besides, if I ever want to move back, I can just curl up in a ball and wait!"]},
{"comic title": "X", "comic number": 2308, "image link": "imgs.xkcd.com/comics/x.png", "hidden text": ["The worst is when you run out of monospaced fonts and have to use variable-width variables."]},
{"comic title": "Mount St. Helens", "comic number": 2307, "image link": "imgs.xkcd.com/comics/mount_st_helens.png", "hidden text": ["It's a good mountain but it really peaked in the 80s."]},
{"comic title": "Alive or Not", "comic number": 2306, "image link": "imgs.xkcd.com/comics/alive_or_not.png", "hidden text": ["Computer viruses currently fall somewhere between prions and fire."]},
{"comic title": "Common Cold", "comic number": 2305, "image link": "imgs.xkcd.com/comics/common_cold.png", "hidden text": ["Not even metapneumovirus, easily the common cold virus with the coolest name, warrants our sympathy. Colds suck. No mercy."]},
{"comic title": "Coronavirus Polling", "comic number": 2304, "image link": "imgs.xkcd.com/comics/coronavirus_polling.png", "hidden text": ["If you want to see the polling questions we agree on MOST, you can check out Chapter 24 of my book How To, where I got the Roper Center on Public Opinion Research to help me design the world's least electable political campaign platform."]},
{"comic title": "Preprint", "comic number": 2303, "image link": "imgs.xkcd.com/comics/preprint.png", "hidden text": ["DOWNSIDES: Adobe people may periodically email your newsroom to ask you to call it an 'Adobe\u00ae PDF document,' but they'll reverse course once they learn how sarcastically you can pronounce the registered trademark symbol."]},
{"comic title": "Error Types", "comic number": 2302, "image link": "imgs.xkcd.com/comics/error_types.png", "hidden text": ["Type IIII error: Mistaking tally marks for Roman numerals"]},
{"comic title": "2020 Google Trends", "comic number": 2301, "image link": "imgs.xkcd.com/comics/2020_google_trends.png", "hidden text": ["As the 'exotic animals in homemade aprons hosting baking shows' YouTube craze reached its peak in March 2020, Andrew Cuomo announced he was replacing the Statue of Liberty with a bronze pangolin in a chef's hat."]},
{"comic title": "Turtle Sandwich Standard Model", "comic number": 2300, "image link": "imgs.xkcd.com/comics/turtle_sandwich_standard_model.png", "hidden text": ["It's possible the bread and shell can be split into a top and bottom flavor, and some models additionally suggest Strange Bread and Charm Shells."]}
][
{"comic title": "Election Impact Score Sheet", "comic number": 2379, "image link": "imgs.xkcd.com/comics/election_impact_score_sheet.png", "hidden text": ["You might think most people you know are reliable voters, or that your nudge won't convince them, and you will usually be right. But some small but significant percentage of the time, you'll be wrong, and that's why this works."]},
{"comic title": "Probability Comparisons", "comic number": 2378, "image link": "imgs.xkcd.com/comics/probability_comparisons.png", "hidden text": ["Call me, MAYBE."]},
{"comic title": "Fall Back", "comic number": 2377, "image link": "imgs.xkcd.com/comics/fall_back.png", "hidden text": ["Doing great here in the sixth and hopefully final year of the 2016 election."]},
{"comic title": "xkcd Phone 12", "comic number": 2376, "image link": "imgs.xkcd.com/comics/xkcd_phone_12.png", "hidden text": ["New phone OS features: Infinite customization (home screen icons no longer snap to grid), dark mode (disables screen), screaming mode (self-explanatory), and coherent ultracapacitor-pumped emission (please let us know what this setting does; we've been afraid to try it)."]},
{"comic title": "Curbside", "comic number": 2375, "image link": "imgs.xkcd.com/comics/curbside.png", "hidden text": ["The state has had so many contact tracers disappear into that shop that they've had to start a contact tracer tracing program."]},
{"comic title": "Worst Ladder", "comic number": 2374, "image link": "imgs.xkcd.com/comics/worst_ladder.png", "hidden text": ["[Six months later] \"Well, our 'worst ladder' subscription series was a surprisingly lucrative success, but was completely canceled out by the losses from the disastrous Home Depot merchandising tie-in.\""]},
{"comic title": "10,000 Hours", "comic number": 2373, "image link": "imgs.xkcd.com/comics/10000_hours.png", "hidden text": ["I'm proud to announce that as of this year I've become a world-class expert at chewing."]},
{"comic title": "Chemist Eggs", "comic number": 2372, "image link": "imgs.xkcd.com/comics/chemist_eggs.png", "hidden text": ["Chemists actually find it simpler to define a general odor of rotten eggs as a baseline, and the LACK of rotten eggs as a distinct smell."]},
{"comic title": "Dialect Quiz", "comic number": 2371, "image link": "imgs.xkcd.com/comics/dialect_quiz.png", "hidden text": ["Do you make a distinction between shallots, scallops, and scallions? If you use all three words, do they all have different meanings, all the same, or are two the same and one different?"]},
{"comic title": "Election Screen Time", "comic number": 2370, "image link": "imgs.xkcd.com/comics/election_screen_time.png", "hidden text": ["Feels like I picked a bad year to try to start having a healthy relationship with political news."]},
{"comic title": "Prediction", "comic number": 2369, "image link": "imgs.xkcd.com/comics/prediction.png", "hidden text": ["You'd think it'd be easy to just bet money against these people, but you have to consider the probability of them paying up."]},
{"comic title": "All-in-One", "comic number": 2368, "image link": "imgs.xkcd.com/comics/all_in_one.png", "hidden text": ["Changes with this update: If you use the combined scan-shred function, it now performs them in that order instead of the reverse, saving a HUGE amount of CPU time."]},
{"comic title": "Bigger Problem", "comic number": 2367, "image link": "imgs.xkcd.com/comics/bigger_problem.png", "hidden text": ["Your point that the world contains multiple problems is a real slam-dunk argument against fixing any of them."]},
{"comic title": "Masks", "comic number": 2366, "image link": "imgs.xkcd.com/comics/masks.png", "hidden text": ["Haunted Halloween masks from a mysterious costume shop that turn you evil and grow into your skin score a surprisingly high 80% filtration efficiency in R. L. Stine-sponsored NIOSH tests."]},
{"comic title": "Amelia's Farm Fresh Cookies", "comic number": 2365, "image link": "imgs.xkcd.com/comics/amelias_farm_fresh_cookies.png", "hidden text": ["I told her I'd take her address off the packaging if she'd stop submitting anonymous food safety complaints about my bakery to the health department, but she sent me a note that said NO DEAL along with an extra large batch of cookies."]},
{"comic title": "Messaging Systems", "comic number": 2364, "image link": "imgs.xkcd.com/comics/messaging_systems.png", "hidden text": ["SMS is just the worst, but I'm having trouble convincing people to adopt my preferred system, TLS IRC with a local server and a patched DOSBox gateway running in my mobile browser."]},
{"comic title": "Parity Conservation", "comic number": 2363, "image link": "imgs.xkcd.com/comics/parity_conservation.png", "hidden text": ["Bloody Mary is made of antimatter. It explains so much."]},
{"comic title": "Message Boards", "comic number": 2362, "image link": "imgs.xkcd.com/comics/message_boards.png", "hidden text": ["(c) You can have a scooter when you pay for it yourself, and (d) if you can't learn to start a new thread rather than responding to an old one, you'll be banned. [thread locked by moderator]"]},
{"comic title": "Volcano Dinosaur", "comic number": 2361, "image link": "imgs.xkcd.com/comics/volcano_dinosaur.png", "hidden text": ["Phylogeneticists are working on identifying and notifying its next of kin."]},
{"comic title": "Voting", "comic number": 2360, "image link": "imgs.xkcd.com/comics/voting.png", "hidden text": ["'Wait, our state has mail voting. The forms are literally on the kitchen table.' 'Not now, I'm busy researching which channels have sharks in them.'"]},
{"comic title": "Common Star Types", "comic number": 2359, "image link": "imgs.xkcd.com/comics/common_star_types.png", "hidden text": ["This article is about Eta Carinae, a luminous blue hypergiant with anomalous Fe[ii] emission spectra. For the 1998 Brad Bird film, see The Iron Giant (film)."]},
{"comic title": "Evidence of Alien Life", "comic number": 2358, "image link": "imgs.xkcd.com/comics/evidence_of_alien_life.png", "hidden text": ["Both too cautious AND not cautious enough: \"I'm skeptical that those are aliens, so I'm going to try pulling off their masks.\""]},
{"comic title": "Gravitational Wave Pulsars", "comic number": 2357, "image link": "imgs.xkcd.com/comics/gravitational_wave_pulsars.png", "hidden text": ["The most important attributes of a vector in 3-space are {Location, Location, Location}"]},
{"comic title": "Polls vs the Street", "comic number": 2356, "image link": "imgs.xkcd.com/comics/polls_vs_the_street.png", "hidden text": ["Other pollsters complain about declining response rates, but our poll showed that 96% of respondents would be 'somewhat likely' or 'very likely' to agree to answer a series of questions for a survey."]},
{"comic title": "Constellation Monstrosity", "comic number": 2355, "image link": "imgs.xkcd.com/comics/constellation_monstrosity.png", "hidden text": ["It's rare to get both astronomers and astrologers equally mad at you, but apparently I've messed up both a bunch of star location databases AND the will of the fates."]},
{"comic title": "University COVID Model", "comic number": 2354, "image link": "imgs.xkcd.com/comics/university_covid_model.png", "hidden text": ["I admit this is an exaggeration, since I can think of at least three parties I attended while doing my degree, and I'm probably forgetting several more."]},
{"comic title": "Stellar Evolution", "comic number": 2353, "image link": "imgs.xkcd.com/comics/stellar_evolution.png", "hidden text": ["It may remain in equilibrium for some time, slowly growing, and then suddenly become significantly redder."]},
{"comic title": "Hurricane Hunters", "comic number": 2352, "image link": "imgs.xkcd.com/comics/hurricane_hunters.png", "hidden text": ["Our flight gathered valuable data on whether a commercial airliner in the eye of a hurricane can do a loop."]},
{"comic title": "Synonym Date", "comic number": 2351, "image link": "imgs.xkcd.com/comics/synonym_date.png", "hidden text": ["We need some grub to munch--I'll go slouch over to the kitchen."]},
{"comic title": "Standard Model Changes", "comic number": 2350, "image link": "imgs.xkcd.com/comics/standard_model_changes.png", "hidden text": ["Bugs are spin 1/2 particles, unless it's particularly windy."]},
{"comic title": "Deer Turrets", "comic number": 2349, "image link": "imgs.xkcd.com/comics/deer_turrets.png", "hidden text": ["When my great grandfather designed the Titanic and it hit an iceberg and sank, he didn't sit around moping. He took those lessons to his next job designing airships, and he made the Hindenburg completely iceberg-proof!"]},
{"comic title": "Rabbit Introduction", "comic number": 2348, "image link": "imgs.xkcd.com/comics/rabbit_introduction.png", "hidden text": ["Washington state is seeing great success with reintroducing the Columbia River Basin subpopulation. We cannot allow them to further widen the interstate bun gap."]},
{"comic title": "Boat Puzzle", "comic number": 2347, "image link": "imgs.xkcd.com/comics/boat_puzzle.png", "hidden text": ["'No, my cabbage moths have already started laying eggs in them! Send the trolley into the river!' 'No, the sailing wolf will steal the boat to rescue them!'"]},
{"comic title": "Dependency", "comic number": 2346, "image link": "imgs.xkcd.com/comics/dependency.png", "hidden text": ["Someday ImageMagick will finally break for good and we'll have a long period of scrambling as we try to reassemble civilization from the rubble."]},
{"comic title": "COVID Risk Comfort Zone", "comic number": 2345, "image link": "imgs.xkcd.com/comics/covid_risk_comfort_zone.png", "hidden text": ["I'm like a vampire, except I'm not crossing that threshold even if you invite me."]},
{"comic title": "Wish on a Shooting Star", "comic number": 2344, "image link": "imgs.xkcd.com/comics/wish_on_a_shooting_star.png", "hidden text": ["Congratulations to whoever wished for revenge on a forest near the Tunguska River, a 1980 Chevy Malibu in Peekskill NY, Alabama resident Ann Hodges, every building in Chelyabinsk with glass windows, and the non-avian dinosaurs."]},
{"comic title": "26-Second Pulse", "comic number": 2343, "image link": "imgs.xkcd.com/comics/26_second_pulse.png", "hidden text": ["There are some papers arguing that there's a volcanic component, but I personally think they're just feeling guilty and trying to cover the trail."]},
{"comic title": "Mathematical Symbol Fight", "comic number": 2342, "image link": "imgs.xkcd.com/comics/mathematical_symbol_fight.png", "hidden text": ["Oh no, a musician just burst in through the door confidently twirling a treble clef."]},
{"comic title": "Exposure Notification", "comic number": 2341, "image link": "imgs.xkcd.com/comics/exposure_notification.png", "hidden text": ["I don't see why everyone is so hungry for BAD news, but fine, I'll give in to feedback and add a dark mode."]},
{"comic title": "Scientist Tech Help", "comic number": 2340, "image link": "imgs.xkcd.com/comics/scientist_tech_help.png", "hidden text": ["I vaguely and irrationally resent how useful WebPlotDigitizer is."]},
{"comic title": "Cosmologist Genres", "comic number": 2339, "image link": "imgs.xkcd.com/comics/cosmologist_genres.png", "hidden text": []},
{"comic title": "Pods vs Bubbles", "comic number": 2338, "image link": "imgs.xkcd.com/comics/pods_vs_bubbles.png", "hidden text": ["Canada's travel restrictions on the US are 99% about keeping out COVID and 1% about keeping out people who say 'pod.'"]},
{"comic title": "Faraday Tour", "comic number": 2337, "image link": "imgs.xkcd.com/comics/faraday_tour.png", "hidden text": []},
{"comic title": "Asterisk Corrections", "comic number": 2336, "image link": "imgs.xkcd.com/comics/asterisk_corrections.png", "hidden text": ["I like trying to make it as hard as possible. \"I'd love to meet up, maybe in a few days? Next week is looking pretty empty. *witchcraft\""]},
{"comic title": "Campfire Habitable Zone", "comic number": 2335, "image link": "imgs.xkcd.com/comics/campfire_habitable_zone.png", "hidden text": ["Oh no, my marshmallow became tidally locked!"]},
{"comic title": "Photo Deposit", "comic number": 2334, "image link": "imgs.xkcd.com/comics/photo_deposit.png", "hidden text": ["It's okay, they scan the serial numbers and make sure you can't deposit the same bill more than once."]},
{"comic title": "Slide Trombone", "comic number": 2333, "image link": "imgs.xkcd.com/comics/slide_trombone.png", "hidden text": ["Remember the CPS 2000, the super soaker that was discontinued because it was too powerful? Relatedly, can I borrow your tuba?"]},
{"comic title": "COVID Risk Chart", "comic number": 2332, "image link": "imgs.xkcd.com/comics/covid_risk_chart.png", "hidden text": ["First prize is a free ticket to the kissing booth."]},
{"comic title": "Cursed Chair", "comic number": 2331, "image link": "imgs.xkcd.com/comics/cursed_chair.png", "hidden text": ["The Wirecutter staff called the Herman Miller Siege Perilous \"the most cursed product we've ever had to fight\" and \"nearly as immortal as it boasts.\""]},
{"comic title": "Hamster Ball 2", "comic number": 2330, "image link": "imgs.xkcd.com/comics/hamster_ball_2.png", "hidden text": ["The worst is being teased by responsible, mask-wearing teens. They even spritz the hamster ball with disinfectant before rolling it, carefully avoiding the filter vents."]},
{"comic title": "Acceptable Risk", "comic number": 2329, "image link": "imgs.xkcd.com/comics/acceptable_risk.png", "hidden text": ["Good thing I'm not already prone to overthinking everyday decisions!"]},
{"comic title": "Universal Rating Scale", "comic number": 2328, "image link": "imgs.xkcd.com/comics/universal_rating_scale.png", "hidden text": ["There are plenty of finer gradations. I got 'critically endangered/extinct in the wild' on my exam, although the curve bumped it all the way up to 'venti.'"]},
{"comic title": "Space Basketball", "comic number": 2327, "image link": "imgs.xkcd.com/comics/space_basketball.png", "hidden text": ["My shooting will improve over the short term, but over the long term the universe will take more shots."]},
{"comic title": "Oily House Index", "comic number": 2326, "image link": "imgs.xkcd.com/comics/oily_house_index.png", "hidden text": ["We're underwater on our mortgage thanks to the low price of water."]},
{"comic title": "Five Word Jargon", "comic number": 2325, "image link": "imgs.xkcd.com/comics/five_word_jargon.png", "hidden text": ["My other (much harder) hobby is trying to engineer situations where I have an excuse to use more than one of them in short succession."]},
{"comic title": "Endorheic Basin", "comic number": 2324, "image link": "imgs.xkcd.com/comics/endorheic_basin.png", "hidden text": ["My biggest fear is that colonial engineers will try to flood me to generate electricity. My biggest hope is that I'll develop sailing stones."]},
{"comic title": "Old Days 2", "comic number": 2323, "image link": "imgs.xkcd.com/comics/old_days_2.png", "hidden text": ["The git vehicle fleet eventually pivoted to selling ice cream, but some holdovers remain. If you flag down an ice cream truck and hand the driver a floppy disk, a few hours later you'll get an invite to a git repo."]},
{"comic title": "Modeling Study", "comic number": 2322, "image link": "imgs.xkcd.com/comics/modeling_study.png", "hidden text": ["You've got questions, we've got assumptions."]},
{"comic title": "ISO Paper Size Golden Spiral", "comic number": 2321, "image link": "imgs.xkcd.com/comics/iso_paper_size_golden_spiral.png", "hidden text": ["The ISO 216 standard ratio is cos(45\u00b0), but American letter paper is 8.5x11 because it uses radians, and 8.5/11 = pi/4."]},
{"comic title": "Low-Background Metal", "comic number": 2320, "image link": "imgs.xkcd.com/comics/low_background_metal.png", "hidden text": ["The only effect on the history books were a few confusing accounts of something called 'Greek fire.'"]},
{"comic title": "Millennium Problems", "comic number": 2319, "image link": "imgs.xkcd.com/comics/millennium_problems.png", "hidden text": ["The hard part about opening a hole in the proof of the Poincar\u00e9 conjecture is that Grigori Perelman will come out of retirement to try to fix it by drawing a loop around the hole and contracting it to a point."]},
{"comic title": "Large Number Formats", "comic number": 2318, "image link": "imgs.xkcd.com/comics/large_number_formats.png", "hidden text": ["10^13.4024: A person who has come back to numbers after a journey deep into some random theoretical field"]},
{"comic title": "Dynamic Entropy", "comic number": 2317, "image link": "imgs.xkcd.com/comics/dynamic_entropy.png", "hidden text": ["Despite years of effort by my physics professors to normalize it, deep down I remain convinced that 'dynamical' is not really a word."]},
{"comic title": "Pinouts", "comic number": 2316, "image link": "imgs.xkcd.com/comics/pinouts.png", "hidden text": ["The other side of USB-C is rotationally symmetric except that the 3rd pin from the top is designated FIREWIRE TRIBUTE PIN."]},
{"comic title": "Hair Growth Rate", "comic number": 2315, "image link": "imgs.xkcd.com/comics/hair_growth_rate.png", "hidden text": ["Hourly haircuts would be annoying, but they'd be easier to do yourself, since you'd have adjacent hairs as a guide. Growing it out would be a huge pain, though."]},
{"comic title": "Eventual Consistency", "comic number": 2314, "image link": "imgs.xkcd.com/comics/eventual_consistency.png", "hidden text": ["Later I'm going to get a head start on the heat bath."]},
{"comic title": "Carcinization", "comic number": 2313, "image link": "imgs.xkcd.com/comics/carcinization.png", "hidden text": ["Nature abhors a vacuum and also anything that's not a crab."]},
{"comic title": "Wrong Times Table", "comic number": 2312, "image link": "imgs.xkcd.com/comics/wrong_times_table.png", "hidden text": ["Deep in some corner of my heart, I suspect that real times tables are wrong about 6x7=42 and 8x7=56."]},
{"comic title": "mbmbam", "comic number": 2311, "image link": "imgs.xkcd.com/comics/mbmbam.png", "hidden text": ["Hello and welcome to Millibar Millibarn Attometer, an advice show for the Planck era."]},
{"comic title": "Confidence Interval", "comic number": 2310, "image link": "imgs.xkcd.com/comics/confidence_interval.png", "hidden text": ["The worst part is that's the millisigma interval."]},
{"comic title": "Great Attractor", "comic number": 2309, "image link": "imgs.xkcd.com/comics/great_attractor.png", "hidden text": ["Living in the southern hemisphere was nice because I could jump extra high, but I like it here too. Besides, if I ever want to move back, I can just curl up in a ball and wait!"]},
{"comic title": "X", "comic number": 2308, "image link": "imgs.xkcd.com/comics/x.png", "hidden text": ["The worst is when you run out of monospaced fonts and have to use variable-width variables."]},
{"comic title": "Mount St. Helens", "comic number": 2307, "image link": "imgs.xkcd.com/comics/mount_st_helens.png", "hidden text": ["It's a good mountain but it really peaked in the 80s."]},
{"comic title": "Alive or Not", "comic number": 2306, "image link": "imgs.xkcd.com/comics/alive_or_not.png", "hidden text": ["Computer viruses currently fall somewhere between prions and fire."]},
{"comic title": "Common Cold", "comic number": 2305, "image link": "imgs.xkcd.com/comics/common_cold.png", "hidden text": ["Not even metapneumovirus, easily the common cold virus with the coolest name, warrants our sympathy. Colds suck. No mercy."]},
{"comic title": "Coronavirus Polling", "comic number": 2304, "image link": "imgs.xkcd.com/comics/coronavirus_polling.png", "hidden text": ["If you want to see the polling questions we agree on MOST, you can check out Chapter 24 of my book How To, where I got the Roper Center on Public Opinion Research to help me design the world's least electable political campaign platform."]},
{"comic title": "Preprint", "comic number": 2303, "image link": "imgs.xkcd.com/comics/preprint.png", "hidden text": ["DOWNSIDES: Adobe people may periodically email your newsroom to ask you to call it an 'Adobe\u00ae PDF document,' but they'll reverse course once they learn how sarcastically you can pronounce the registered trademark symbol."]},
{"comic title": "Error Types", "comic number": 2302, "image link": "imgs.xkcd.com/comics/error_types.png", "hidden text": ["Type IIII error: Mistaking tally marks for Roman numerals"]},
{"comic title": "2020 Google Trends", "comic number": 2301, "image link": "imgs.xkcd.com/comics/2020_google_trends.png", "hidden text": ["As the 'exotic animals in homemade aprons hosting baking shows' YouTube craze reached its peak in March 2020, Andrew Cuomo announced he was replacing the Statue of Liberty with a bronze pangolin in a chef's hat."]},
{"comic title": "Turtle Sandwich Standard Model", "comic number": 2300, "image link": "imgs.xkcd.com/comics/turtle_sandwich_standard_model.png", "hidden text": ["It's possible the bread and shell can be split into a top and bottom flavor, and some models additionally suggest Strange Bread and Charm Shells."]}
]